term_id,name,slug,description,display_type,parent,thumbnail
16,"Thiết bị điện hager",hager,"<h1 style=""text-align: justify"">Thiết bị điện Hager và bảng giá mới nhất 2025</h1>
<p style=""text-align: justify""><em>Bài viết dưới đây sẽ giới thiệu cho các bạn về các sản phẩm thiết bị điện Hager . Một trong những thương hiệu thiết bị điện nổi tiếng. Và phổ biến nhất trên toàn cầu cùng bảng giá mới nhất 2024-2025..Thiết bị điện hager là thương hiệu cao cấp đến từ Pháp. Chuyên cung cấp thiết bị điện hager chính hãng giá tốt công tắc, ổ cắm, aptomat hager, Contactor</em></p>",default,0,http://thietbidienkyanh.com/wp-content/uploads/2019/12/hager.jpg
17,"Aptomat MCB 6KA Hager",aptomat-mcb-6ka-hager,"<h1>Bảng giá và catalogue Aptomat Hager MCB 6KA</h1>
<em><strong>Các thiết bị đóng cắt trong mạch điện cụ thể là Aptomat. Hay cầu dao tự động (MCB) là các thiết bị đặc thù có nhiệm vụ đảm bảo đóng cắt nguồn điện một cách chính xác nhằm đảm bảo an toàn cho hệ thống điện cũng như người sử dụng. Hager  nổi tiếng với các sản phẩm thiết bị điện với chất lượng cao và được người dùng tin tưởng. </strong></em>


",default,16,http://thietbidienkyanh.com/wp-content/uploads/2019/12/aptomat-hager-3p-4-cuc-mcb-6ka.jpg
18,"Aptomat chống giật Hager",aptomat-chong-giat-hager,"<h1><strong>Bảng giá và Ưu điểm của aptomat chống giật hager</strong></h1>
<h2><strong> Tính năng của Aptomat chống giật</strong></h2>
Sử dụng <strong>aptomat </strong> không chỉ bảo vệ hệ thống điện của gia đình. Mà còn giúp cho bạn bảo vệ được sức khỏe và sự an toàn của bạn và các thành viên trong gia đình. Tránh những trường hợp sự cố về điện gây những tai nạn thương tâm ngoài ý muốn xảy ra. <strong>Aptomat chống giật hager </strong> là một trong những loại aptomat có khả năng ngăn ngừa tình trạng cháy nổ của mạng lưới điện. Quan niệm sai lầm của nhiều người làm việc. Ở trong một ngôi nhà được xây dựng kiên cố bằng gạch thì sẽ không có hiện tượng cháy nổ xảy ra, tuy nhiên đây là một nhận định sai lầm bởi lượng nhiệt sinh ra do sự cố về điện rất lớn có thể gây cháy nổ bất kỳ vật liệu gì.
",default,16,http://thietbidienkyanh.com/wp-content/uploads/2019/12/aptomat-chong-giat-hager-1p-2-cuc-6ka.jpg
19,"Aptomat MCB Hager 10KA",aptomat-mcb-hager-10ka,"<h1><strong>Aptomat MCB hager 10KA mang lại cho hệ thống điện</strong></h1>
Xem thêm : <a href=""https://thietbidienkyanh.com/thiet-bi-dien/hager/aptomat-mcb-6ka-hager/"">Aptomat mcb hager 6ka</a> ,<a href=""https://thietbidienkyanh.com/thiet-bi-dien/hager/aptomat-mcb-hager-10ka/"">aptomat  mcb hager 10ka</a> ,<a href=""https://thietbidienkyanh.com/thiet-bi-dien/hager/aptomat-khoi-mccb-hager/"">aptomat  khối MCCB Hager, </a><a href=""https://thietbidienkyanh.com/thiet-bi-dien/hager/aptomat-chong-giat-hager/"">Aptomat chống giật hager</a>
<strong><a href=""https://thietbidienkyanh.com/thiet-bi-dien/hager/"">Thiết bị điện Hager</a></strong>",default,16,http://thietbidienkyanh.com/wp-content/uploads/2019/12/aptomat-hager-1p-2-cuc-mcb-10ka.jpg
20,"Aptomat Khối MCCB Hager",aptomat-khoi-mccb-hager,"<h1>Bảng giá Aptomat Khối MCCB Hager</h1>
MCCB (moulded case circuit breakers) : Aptomat kiểu khối. Đây là dạng CB tiêu chuẩn chủ yếu dùng trong công nghiệp, mạch động lực
MCCB: dòng điện có thể lên tới 1.000A, điện áp dưới 1.000V
<h3><strong>Phân loại aptomat MCCB </strong></h3>
MCCB 3 pha có 2 loại là loại 3 cực và loại 4 cực. Chúng được thiết kế dạng khối. Loại aptomat 3 cực sẽ có 3 cực để đấu 3 dây pha của lưới điện vào và có 3 cực ra để đấu vào tải. Đối với loại 4 cực sẽ có 3 dây pha và 1 dây trung tính. Thường thì loại Aptomat MCCB 3P sẽ có dòng điện định mức và dòng cắt lớn .Do có công suất tương đối lớn và dải điện áp nằm trong khoảng 380 - 415VAC nên nó được sử dụng trong công nghiệp. <strong><a href=""https://thietbidienkyanh.com/thiet-bi-dien/hager/"">Thiết bị điện Hager</a></strong>
Xem thêm : <a href=""https://thietbidienkyanh.com/thiet-bi-dien/hager/aptomat-mcb-6ka-hager/"">Aptomat mcb hager 6ka</a> ,<a href=""https://thietbidienkyanh.com/thiet-bi-dien/hager/aptomat-mcb-hager-10ka/"">aptomat  mcb hager 10ka</a> ,<a href=""https://thietbidienkyanh.com/thiet-bi-dien/hager/aptomat-khoi-mccb-hager/"">aptomat  khối MCCB Hager, </a><a href=""https://thietbidienkyanh.com/thiet-bi-dien/hager/aptomat-chong-giat-hager/"">Aptomat chống giật hager</a>",default,16,http://thietbidienkyanh.com/wp-content/uploads/2019/12/Aptomat-Hager.jpg
21,"Công tắc ổ cắm Stylea",cong-tac-o-cam-stylea,"<h1>Bảng giá công tắc ổ cắm Hager Stylea</h1>
Chúng tôi xin gửi đến Quý Khách Hàng <strong>Bảng giá công tắc ổ cắm dân dụng Hager Stylea </strong>với bản cập nhật mới nhất.
Bảng giá cung cấp đầy đủ thông tin về sản phẩm, mô tả rõ thông số kỹ thuật. Quý Khách có thể tải bảng giá mới nhất ngay bên dưới.
Xem thêm <a href=""https://thietbidienkyanh.com/thiet-bi-dien/hager/cong-tac-o-cam-10088/"">công tắc ổ cắm Hager</a> , <a href=""https://thietbidienkyanh.com/thiet-bi-dien/hager/"">thiết bị điện hager</a>",default,16,http://thietbidienkyanh.com/wp-content/uploads/2019/12/cong-tac-bai-hager-stylea-333x400-210222-20190310032019-333x400.jpg
22,"Công tắc ổ cắm 10088",cong-tac-o-cam-10088,"<h1>Bảng giá công tắc ổ cắm Hager 10088</h1>
Chúng tôi xin gửi đến Quý Khách Hàng <strong>Bảng giá công tắc ổ cắm dân dụng Hager 10088 </strong>với bản cập nhật mới nhất.
Bảng giá cung cấp đầy đủ thông tin về sản phẩm, mô tả rõ thông số kỹ thuật. Quý Khách có thể tải bảng giá mới nhất ngay bên dưới.
Xem thêm <a href=""https://thietbidienkyanh.com/thiet-bi-dien/hager/cong-tac-o-cam-stylea/"">công tắc ổ cắm Hager</a> , <a href=""https://thietbidienkyanh.com/thiet-bi-dien/hager/"">thiết bị điện hager</a>",default,16,http://thietbidienkyanh.com/wp-content/uploads/2019/12/o-cam-doi-3-chau-hager-1.jpg
23,"Cảm Biến Chuyển Động",cam-bien-chuyen-dong-hager,"<h1>Báo giá Cảm biến chuyển động hager 2024</h1>
<b>Phát hiện chuyển động</b> là quá trình phát hiện sự thay đổi vị trí của vật thể so với môi trường xung quanh hoặc thay đổi môi trường xung quanh một cách tương đối so với vật thể. Phát hiện chuyển động có thể đạt được bằng phương pháp cơ học hoặc điện tử. Khi phát hiện chuyển động được thực hiện bởi các cơ quan sinh học tự nhiên, nó được gọi là nhận thức chuyển động.
<h2>Cảm biến chuyển động là gì ?</h2>
<strong>Cảm biến chuyển động</strong> là một thiết bị phát hiện chuyển động vật lý trên thiết bị hoặc trong môi trường. Nó có khả năng phát hiện và nắm bắt các chuyển động vật lý và / hoạt động học trong thời gian thực.
<h3>Phân loại cảm biến chuyển động?</h3>
Các thiết bị này có nhiều loại khác nhau. Tùy thuộc vào vị trí sử dụng và công nghệ. Loại phổ biến nhất là cảm biến chuyển động hồng ngoại thụ động (Pir). Một số cảm biến chuyển động Pir. Được thiết kế để tránh vật nuôi có trọng lượng nhất định. Làm cho chúng trở nên tuyệt vời cho chủ vật nuôi.

Cảm biến chuyển động công nghệ kép. Có thể vượt trội hơn so với các đối tác công nghệ đơn của chúng. Vì chúng có thể giúp ngăn chặn nhiều báo động sai với hai loại, chẳng hạn như kết hợp Pir với công nghệ vi sóng.
<div>
<div><b><i>- Cảm biến chuyển động hồng ngoại thụ động (Pir)</i></b>: Chúng được thiết kế để phát hiện nhiệt độ cơ thể và chuyển động trong các thông số của cảm biến. Đây là công nghệ phổ biến nhất được sử dụng trong các thiết bị này trên thị trường hiện nay.</div>
<div><b><i>- Cảm biến chuyển động vi sóng</i></b>: Những thiết bị này gửi xung vi sóng, có thể cung cấp vùng phủ sóng nhiều hơn và thường đắt hơn.</div>
<div><b><i>Cảm biến chuyển động siêu âm</i></b>: Những cảm biến này phát ra sóng siêu âm. Và có thể tính toán sự phản xạ của những sóng đó từ một vật thể chuyển động.</div>
<div><b><i>- Cảm biến chuyển động công nghệ kép</i></b>: Các thiết bị này kết hợp các công nghệ cảm biến chuyển động khác nhau. Chẳng hạn như công nghệ siêu âm và siêu âm kết hợp trong một cảm biến.</div>
<h3><strong>cảm biến chuyển động hager</strong></h3>
</div>
<strong>Một cảm biến chuyển động hager</strong> còn được gọi là một máy phát hiện chuyển động. Được thiết kế theo nguyên lí của một cảm biến chuyển động hồng ngoại thụ động (PIR)
Tùy thuộc vào khả năng của cảm biến chuyển động. Nó có thể phát hiện chuyển động trong thiết bị được tích hợp hoặc môi trường xung quanh. Nó thường được kết nối với một hệ thống. Hoặc phần mềm xử lý chuyển động thành một hành động hoặc thông tin.

<a href=""https://thietbidienkyanh.com/thiet-bi-dien/hager/""><span style=""font-size: 14.4px"">.Thiết bị điện hager</span></a>

<a href=""https://thietbidienkyanh.com/bang-gia-va-catalogus-thiet-bi-dien-hager/"">Bảng giá thiết bị điện hager mới nhất </a>",default,16,http://thietbidienkyanh.com/wp-content/uploads/2019/12/cam-bien-chuyen-dong-gan-tuong-hager-ee830-ngoai-troi-1.jpg
24,"Cầu dao cách ly hager",cau-dao-cach-ly-hager,"<h1>Báo giá Cầu dao cách ly ( Isolator ) Hager</h1>
<h2>Isolator là gì ?</h2>
<em><strong>Isolator Hager có nhiều tên gọi khác nhau như:. Cầu dao cách ly, dao cách ly, công tắc nguồn, hộp cầu dao cách ly... Isolator thường được thấy trong các bản vẽ M&amp;E hoặc các nhà xưởng có nhiều máy, dây chuyền.</strong></em>
Isolator hoạt động như một công tắc ON-OFF, đóng - ngắt dòng điện. Từ vài chục đến gần 2000A,DC hoặc AC, 1 cực đến 4 cực tùy theo chủng loại.
Cầu dao cách ly là thiết bị nhằm tạo ra một khoảng cách điện trông thấy giữa các bộ phận đang có điện và những bộ phận cắt điện để đảm bảo an toàn đối với người sử dụng.
–  Isolator còn dùng để đóng cắt nguồn điện không tải.
–  Nhờ có thiết bị cầu dao cách ly mà quá trình sửa chữa các thiết bị điện diễn ra bình thường và an toàn hơn.
Xem thêm<a href=""https://thietbidienkyanh.com/thiet-bi-dien/hager/""> thiết bị điện hager</a> , <a href=""https://thietbidienkyanh.com/thiet-bi-dien/hager/aptomat-mcb-6ka-hager/"">aptomat hager </a>

<a href=""https://thietbidienkyanh.com/bang-gia-va-catalogus-thiet-bi-dien-hager/"">Bảng giá thiết bị điện hager mới nhất </a>",default,16,http://thietbidienkyanh.com/wp-content/uploads/2021/09/cau-giao-cach-ly-vo-nhua-hager.jpg
25,"Vỏ tủ điện Hager",vo-tu-dien-hager,"<h1>Bảng giá và Catalogue vỏ tủ điện âm tường hager</h1>
<em><strong>Tủ điện âm tường hager được sản xuất trên dây chuyền hiện đại của châu âu . Được nhập khẩu nguyên chiếc về việt nam. Bởi công ty Kỳ Anh. Vỏ tủ điện hager có độ bề cao , chịu lực tốt .</strong></em>
",default,16,http://thietbidienkyanh.com/wp-content/uploads/2019/12/tu-dien-am-tuong-hager-canh-nhua-36-module-vf312TM.jpg
26,"Khởi động từ Hager",khoi-dong-tu-hager,"<h1>Khởi động từ hager (Contactor) báo giá 2024</h1>
<h2><span id=""1-contactor-la-gi""><strong>1. Khởi động từ là gì?</strong></span></h2>
<strong> khởi động từ </strong>còn gọi là<strong> Contactor</strong> là một trong những thiết bị điện rất cần thiết và được sử dụng khá thông dụng. Vậy thì <strong><a title=""contactor"" href=""https://thietbidienkyanh.com/contactor-la-gi-nguyen-ly-hoat-dong-va-ung-dung-nhu-the-nao/"" target=""_blank"" rel=""noopener noreferrer"">contactor</a> </strong>được định nghĩa như thế nào, nguyên lý hoạt động và ứng dụng của nó ra sao, hãy cùng chúng tôi tìm hiểu ngay sau đây.
<strong>Contactor hager</strong> :  Việc đóng cắt công tắc tơ có tiếp điểm có thể được thực hiện bằng nam châm điện. Thủy lực hay khí nén. Thông thường ta gặp loại đóng cắt bằng nam châm điện hay một cách gọi khác là <strong>contactor</strong> điện từ.
<a href=""https://thietbidienkyanh.com/thiet-bi-dien/hager/"">Thiết bị điện Hager</a>

<a href=""https://thietbidienkyanh.com/bang-gia-va-catalogus-thiet-bi-dien-hager/"">Bảng giá thiết bị điện hager mới nhất </a>",default,16,http://thietbidienkyanh.com/wp-content/uploads/2019/12/Contactor-Hager-Model-EW072_C.jpg
27,"Thiết bị điện Schneider",thiet-bi-dien-schneider,"<h1 style=""text-align: left"">Thiết bị điện Schneider bảng giá và mức chiết khấu mới nhất 2025</h1>
<div style=""text-align: justify""><em>Thiết bị điện Schneider là thương hiệu nổi tiếng về sản phẩm thiết bị đóng cắt hệ thống điện trong các hộ gia đình nhỏ lẻ đến những công trình lớn.Cùng tìm hiểu những tính năng vượt trội và bảng giá mới nhất các sản phẩm schneider trong bài viết dưới đây.</em></div>
",subcategories,0,http://thietbidienkyanh.com/wp-content/uploads/2019/12/Schneider.jpg
28,"Aptomat MCB EASY9",mcb-easy9,"<h1>Bảng giá Aptomat EASY9 Schneider MCB chính hãng</h1>
<div><a href=""https://thietbidienkyanh.com/thiet-bi-dien/thiet-bi-dien-schneider/aptomat/mcb-easy9/"">MCB Easy 9</a>  là dòng sản phẩm của <a href=""https://thietbidienkyanh.com/thiet-bi-dien/thiet-bi-dien-schneider/aptomat/"">Aptomat Schneider</a> có chất lượng cao được sản xuất trên dây chuyền hiện đại tiêu chuẩn Châu Âu.</div>
<div></div>
",default,116,http://thietbidienkyanh.com/wp-content/uploads/2019/12/aptomat-mcb-1-pha-2-cuc-schneider-easy9.jpg
29,"Aptomat ACTI9",mcb-acti9,"<h1>Bảng giá Aptomat ACTI 9 Schneider MCB iK60N &amp; iC60H chính hãng 2024</h1>
<div><a href=""https://thietbidienkyanh.com/thiet-bi-dien/thiet-bi-dien-schneider/aptomat/mcb-acti9/"">Aptomat Acti9  Schneider</a> là dòng sản phẩm thuộc thiết bị đóng cắt của hãng Schneider Electric - đơn vị chuyên sản xuất thiết bị điện hàng đầu trên thế giới. Acti9 được trang bị khả năng bảo vệ mạch khỏi dòng ngắn mạch, quá tải và có khả năng kết nối cũng như đóng mở mạch điện.</div>
<div></div>
",default,116,http://thietbidienkyanh.com/wp-content/uploads/2019/12/aptomat-mcb-2-pha-schneider-acti99.jpg
30,"Công tắc ổ cắm ZENCELO A",series-zencelo-a,"<h1>Bảng giá Công tắc ổ cắm Schneider Zencelo A chính hãng 2024</h1>
Một trong những lí do khiến Công tắc ổ cắm <a href=""https://thietbidienkyanh.com/thiet-bi-dien/thiet-bi-dien-schneider/cong-tac-o-cam-schneider/series-zencelo-a/"">Schneider zencelo A</a> có sức hút trên thị trường. Là thiết kế tích hợp nhiều lợi ích, giá cả hợp lí. Chất liệu tốt và chất lượng vượt trội.
",default,115,http://thietbidienkyanh.com/wp-content/uploads/2023/02/mat-3-thiet-bi-size-S-zenceloa-mau-dong-A8401L_SZ_G19.jpg
31,"Aptomat MCCB",mccb,"<h1>Bảng giá Aptomat MCCB Schneider  báo giá mới nhất 2024</h1>
Cầu dao tự động MCCB Schneider là thiết bị bảo vệ hệ thống mạch điện chống quá tải, ngắt mạch an toàn. Trên thị trường có khá nhiều loại MCCB được bày bán và giới thiệu, khách hàng cần chú ý theo dõi các thông tin trên thiết bị, chọn dòng điện định mức của CB trong khoảng 120 -150% thiết bị sử dụng.
",default,116,http://thietbidienkyanh.com/wp-content/uploads/2019/12/Aptomat-mccb-3p-Shneider-e1552408469195.jpg
32,"Khởi động từ Schneider",khoi-dong-tu-schneider,"<h1>Bảng giá Contactor Schneider báo giá mới nhất 2024</h1>
<em><strong>Khởi động từ Contactor Schneider là thiết bị đảo chiều động cơ. Có thể điều khiển từ xa. Thường được sử dụng trong điện dân dụng. Điện công nghiệp với nhiều quy mô và công suất khác nhau. Điều khiển động cơ trực tiếp một cách dễ dàng và tiện lợi.</strong></em>
",default,27,http://thietbidienkyanh.com/wp-content/uploads/2019/12/contacter-schneider.jpg
33,"Timer 24h Hager",timer-24h-hager,"<h1>Báo giá và catalog timer 24h Hager</h1>
<h2>TIMER 24H LÀ GÌ ?</h2>
Timer được sử dụng với nhiều nghĩa khác nhau như thiết bị bấm giờ. Đồng hồ bấm giờ, công tắc đồng hồ,…  Nhưng thông thường dân kỹ thuật gọi là <strong>timer 24h</strong> là tên gọi chung và chuẩn nhất của thiết bị này. Timer là 1 thiết bị điện đóng và ngắt điện tự động thông thường được sử dụng để hẹn giờ tắt/bật công tắc điện mà chúng ta muốn để tiết kiệm chi phí và công sức người lao động trên thị trường hiện nay có rất nhiều loại<strong> timer 24h</strong>, đắt có, rẻ có tùy thuộc vào nhu cầu sử dụng của mỗi người chúng ta sẽ mua những loại khác nhau sao cho phù hợp với nhu cầu sử dụng
<h2>CÁC ỨNG DỤNG CỦA TIMER Hager:</h2>
Với khả năng trữ điện dự phòng lớn và đếm thời gian chính xác Timer được sử dụng khá phổ biến và rộng rãi đối với dân kĩ thuật và xây dựng, thiết bị này thường được trang bị ở khu vực hệ thống tự động trong khu sản xuất. Cùng với thiết kế nhỏ gọn và lắp đặt dễ dàng, nhanh chóng. Timer được lắp đặt và sử dụng trong các hệ thống phức tạp như : điện lạnh, quạt gió,… Và các bộ điều khiển khác nhau
Xem thêm : <a href=""https://thietbidienkyanh.com/thiet-bi-dien/hager/"">Thiết bị điện hager</a>",default,16,http://thietbidienkyanh.com/wp-content/uploads/2019/12/timer-24h-hager-1.jpg
34,"Thiết bị điện Legrand",legrand,"<h1>Thiết bị điện Legrand và bảng giá mới nhất 2025</h1>
<em>Công tắc ổ cắm -Thiết bị điện Legrand  một trong những thương hiệu và nhà sản xuất các sản phẩm thiết bị điện dân dụng , công trình xây dựng lớn nhất trên thế giới. Không chỉ là nhà sản xuất. Legrand còn là một trong những nhà tiên phong về thiết kế. Và đưa công nghệ cao vào các thiết bị điện, công tắc ổ cắm.</em>
",default,0,http://thietbidienkyanh.com/wp-content/uploads/2020/09/mat-che-HA4803AZ-min-600x600-1.jpg
35,"Công tắc ổ cắm Mallia",mallia,"<h1>CÔNG TẮC Ổ CẮM MALLIA - LEGRAND</h1>
Công tắc ổ cắm Mallia là dòng sản phẩm chất lượng cao đến từ tập đoàn Legrand, Pháp.
Dù là những tone màu truyền thống như trắng, bạc, xám bạc hay ngọc trai, dòng sản phẩm của Mallia vẫn luôn đảm bảo được tính tối giản và thanh lịch.
Với Mallia, sự sáng tạo và tính nghệ thuật của bạn sẽ được thoải mái thể hiện. Sự kết hợp màu sắc, với Mallia, trở nên đơn giản hơn bao giờ hết. Khả năng kết hợp là không giới hạn.
Bảng màu của Mallia đã được mở rộng nhiều lựa chọn hơn bên cạnh các màu truyền thống: đồng đỏ, đồng thau, đồng thiếc, đen, champange,… Đáp ứng được cho mọi phong cách.
<a href=""https://thietbidienkyanh.com/thiet-bi-dien/legrand/"">Thiết bị điện Legrand</a>",default,118,http://thietbidienkyanh.com/wp-content/uploads/2019/12/Legrand.jpg
36,"Dây cáp điện",day-cap-dien,,default,0,
37,"Dây cáp điện Trần Phú",day-cap-dien-tran-phu,,default,36,
38,"Đèn Rạng Đông",den-rang-dong,"<h1>Bảng báo giá và catalogus Đèn Rạng Đông 2024- Đại lí đèn Rạng Đông Hà nội</h1>
<h3><span id=""I_Gioi_thieu_ve_Rang_Dong""><b>I. Giới thiệu về Rạng Đông</b></span></h3>
Vào năm 1958 nhà máy Rạng Đông chính thức được xây dựng tại Hạ Đình, Thanh Xuân, Hà Nội. Tính đến nay thì Rạng Đông có 2 nhà máy lớn và rất nhiều hạng mục nhỏ đi kèm. Đây là một trong những thương hiệu đi tiên phong trong lĩnh vực cung cấp những sản phẩm, hệ thống và giải pháp chiếu sáng xanh.

Hiện nay, Rạng Đông đang có vô vàn những sản phẩm khác nhau như: đèn compact, đèn huỳnh quang, đèn led, đèn âm trần… Phục vụ cho đa dạng nhu cầu sử dụng trong cuộc sống, từ dân dụng đến công nghiệp. Chính vì thế mà <strong>Giá bóng đèn led Rạng Đông</strong> của từng sản phẩm cũng khác nhau.
<h3>Bảng giá ,catalogue Rạng đông mới nhất  2024</h3>
<p class=""s-dnews__desc"">Tải bảng giá bóng Rạng đông 2024 mới nhất tại <a href=""https://thietbidienkyanh.com/"">Thiết bị điện Kỳ Anh</a> . Bạn muốn biết đèn Rạng Đông chiết khấu bao nhiêu cao nhất? hãy liên hệ số hotline để nhận được bảng giá và mức chiết khấu nhé.</p>
<p class=""s-dnews__desc"">Rạng Đông nổi bật với các sản phẩm chiếu sáng dân dụng phục vụ nhu cầu tiêu dùng cơ bản. Và bảng giá luôn được cập nhật mới nhất để giới thiệu đến khách hàng.</p>

<h3>Bảng giá thiết bị điện, bóng đèn rạng đông tại đây:</h3>
<a href=""https://drive.google.com/file/d/12J27n-68s0Jp2csVamefHq19AejbPt9n/view?usp=sharing""> Tải Bảng giá ,catalogue Rạng đông 2024</a>

Hiện nay. giá cả thiết bị điện biến động thường xuyên. Mặc dù đã cố gắng để cập nhật các bảng giá sớm nhất nhưng không thể cập nhật hết được tất cả các bảng giá kịp thời.

Vì vậy quý khách nên kiểm chứng hiệu lực của các bảng giá trước khi sử dụng để hạn chế các phát sinh không đáng có.

Liên hệ để có mức Chiết Khấu Hấp dẫn :Zalo 093 4487 111
<h4><em>Tags: Bảng giá rạng đông 2024, Bảng giá đèn downlight cảm biến rạng đông pdf, bảng giá đèn âm trần rạng đông 2024, bảng giá đèn tuýp led 2024, catalogue thiết bị điện rạng đông 2024,</em></h4>",default,0,http://thietbidienkyanh.com/wp-content/uploads/2019/12/com-bo-22-den-led-am-tran-7w-anh-sang-trang-va-18-cai-am-tran-9w-doi-mau-rang-dong-dat10l-m110-9w-g.jpeg
39,"Đèn Downlight Rạng Đông",den-downlight-rang-dong,,default,38,http://thietbidienkyanh.com/wp-content/uploads/2019/12/RD_Den_LED_Downligh_LED_D_AT06L_90_5W_5.jpg
44,"Đèn ỐP Trần Rạng Đông",den-op-tran-rang-dong,,default,38,http://thietbidienkyanh.com/wp-content/uploads/2019/12/D_LN05L_160_9W_5.jpg
47,"Công tắc ổ cắm CONCEPT",series-concept,"<h1>Bảng giá Công tắc ổ cắm Schneider Concept chính hãng</h1>
Một trong những lí do khiến Công tắc ổ cắm Schneider concept có sức hút trên thị trường. Là thiết kế tích hợp nhiều lợi ích, giá cả hợp lí, chất liệu tốt và chất lượng vượt trội.
",default,115,http://thietbidienkyanh.com/wp-content/uploads/2019/12/hinh-anh-thiet-bi-dien-schneider.jpg
48,"Đèn PhiLips",bang-gia-catalops-den-led-philips,"<h1>Bảng báo giá và catalog đèn Led Philips 2024- Đại lí đèn philips Hà nội</h1>
<h2>Đèn Led Philips có ưu điểm gì ?</h2>
Bóng đèn của Philips sở hữu nhiều hình dạng và kích cỡ khác nhau. Bóng đèn của chúng tôi sử dụng năng lượng ít hơn tới 80% so với bóng đèn thông thường.  Chất lượng đèn luôn nhất quán trong quá trình sử dụng và rất bền.

So với các dòng đèn led khác, đèn Philips có mức giá thành tốt hơn. So với các dòng đèn thế hệ cũ, đèn Philips có giá thành cao hơn nhưng hiệu quả chiếu sáng vượt trội hơn hẳn, khả năng tiết kiệm điện vượt trội. Chính vì thế tổng kết lại thì đèn Philips vẫn rẻ hơn rất nhiều.
<h2><strong>Nhà cung cấp đèn Philips giá tốt nhất?</strong></h2>
Kỳ Anh là nhà cung cấp các thiết bị chiếu sáng hàng đầu của Philips, Paragon, Rạng Đông, Duhal,…. Với chính sách 1 đổi 1 trong thời gian bảo hành, chính vì thế mà bạn có thể hoàn toàn yên tâm với những sản phẩm mà chúng tôi cung cấp. Các sản phẩm mà <a href=""https://thietbidienkyanh.com/"">Thiết bị điện Kỳ Anh</a> cung cấp đều có đầy đủ các giấy tờ, chứng nhận như CO, CQ.

Chính vì thế mà rất nhiều đại lý cũng như khách hàng sỉ có thể sở hữu được dòng đèn Philips chất lượng với giá thành tốt nhất trên thị trường hiện nay.
<h2>Các dòng sản phẩm chiếu sáng dân dụng chính của Philips</h2>
<table style=""border-collapse: collapse;width: 980px;height: 254px"" border=""0"" width=""288"" cellspacing=""0"" cellpadding=""0"">
<tbody>
<tr style=""height: 14.25pt"">
<td style=""height: 14.25pt;width: 54pt"" width=""72"" height=""19""><img class=""alignnone wp-image-594 aligncenter"" src=""https://thietbidienkyanh.com/wp-content/uploads/2019/12/bo-den-downlight-am-tran-led-philips-dn027b-led9-ww-d125-rd-11w-3000k.jpg"" alt=""bo-den-downlight-am-tran-led-philips-dn027b-led9-ww-d125-rd-11w-3000k.jpg"" width=""200"" height=""200"" />
<p style=""text-align: center""><a href=""https://thietbidienkyanh.com/thiet-bi-dien/philips/den-downlight-am-tran/"">Đèn Downlight âm trần Philips</a></p>
</td>
<td style=""width: 54pt"" width=""72""><img class=""alignnone wp-image-1267 aligncenter"" src=""https://thietbidienkyanh.com/wp-content/uploads/2020/09/den-downlight-led-chieu-diem-spotlight-philips-59752-kyanite-5w-2700k-1561540688.jpg"" alt="""" width=""223"" height=""198"" />
<p style=""text-align: center"">Đèn spotlight philips</p>
</td>
<td style=""width: 54pt"" width=""72""><img class=""alignnone wp-image-602 aligncenter"" src=""https://thietbidienkyanh.com/wp-content/uploads/2019/12/den-op-noi-philips.jpg"" alt=""den-op-noi-philips.jpg"" width=""195"" height=""195"" />
<p style=""text-align: center""><a href=""https://thietbidienkyanh.com/thiet-bi-dien/philips/den-op-tran-philips/"">Đèn Ốp nổi Philips</a></p>
</td>
<td style=""width: 54pt"" width=""72""><img class=""alignnone wp-image-1269 aligncenter"" src=""https://thietbidienkyanh.com/wp-content/uploads/2020/09/den-led-tuyp-Philips-0m6-10W-T8-vn.jpg"" alt="""" width=""238"" height=""149"" />
<p style=""text-align: center"">Đèn Tuyp LED Philips</p>
</td>
</tr>
</tbody>
</table>
<table style=""border-collapse: collapse;width: 980px;height: 254px"" border=""0"" width=""288"" cellspacing=""0"" cellpadding=""0"">
<tbody>
<tr style=""height: 14.25pt"">
<td style=""height: 14.25pt;width: 54pt"" width=""72"" height=""19""><img class=""alignnone wp-image-1268 size-full aligncenter"" src=""https://thietbidienkyanh.com/wp-content/uploads/2020/09/den-led-panel-philips-certaflux-5959-840-865-gm-fg-g2.jpg"" alt="""" width=""1200"" height=""800"" />
<p style=""text-align: center"">Đèn Panel Philips</p>
</td>
<td style=""width: 54pt"" width=""72""><img class=""alignnone wp-image-1266 aligncenter"" src=""https://thietbidienkyanh.com/wp-content/uploads/2020/09/BVP131.jpg"" alt="""" width=""231"" height=""231"" />
<p style=""text-align: center"">Đèn LED Pha Philips</p>
</td>
<td style=""width: 54pt"" width=""72""><img class=""alignnone wp-image-1265 aligncenter"" src=""https://thietbidienkyanh.com/wp-content/uploads/2020/09/bong-cao-ap-sodium-son-250w.jpg"" alt="""" width=""232"" height=""232"" />
<p style=""text-align: center"">Đèn cao áp Philips</p>
</td>
<td style=""width: 54pt"" width=""72""><img class=""alignnone wp-image-1270 aligncenter"" src=""https://thietbidienkyanh.com/wp-content/uploads/2020/09/3039.png"" alt="""" width=""213"" height=""125"" />
<p style=""text-align: center"">Đèn Led dây Philips</p>
</td>
</tr>
</tbody>
</table>
<h2>Catalogue và bảng giá đèn Philips 2024</h2>
<a href=""https://drive.google.com/file/d/1pnpKz92P3kjYGnEwfhhN-E0CbAs70BJ0/view?usp=sharing""><strong>Tải catalogues Philips dân dụng năm 2024</strong></a>

Hiện nay. giá cả thiết bị điện biến động thường xuyên. Mặc dù đã cố gắng để cập nhật các bảng giá sớm nhất nhưng không thể cập nhật hết được tất cả các bảng giá kịp thời.

Vì vậy quý khách nên kiểm chứng hiệu lực của các bảng giá trước khi sử dụng để hạn chế các phát sinh không đáng có.

Để tìm hiểu thêm các thiết bị điện cao cấp của Philips cũng như mua thiết bị điện với mức giá ưu đãi . Hãy đến với chúng tôi Thiết bị điện Kỳ Anh địa điểm mua thiết bị điện uy tín hàng đầu <strong>Hà Nội</strong>
<div><a href=""https://thietbidienkyanh.com/thiet-bi-dien/hager/"">Thiết bị điện hager</a> ,</div>
<div> <a href=""https://thietbidienkyanh.com/thiet-bi-dien/legrand/"">Thiết bị điện Legrand</a></div>
<div> <a href=""https://thietbidienkyanh.com/thiet-bi-dien/thiet-bi-dien-schneider/"">Thiết bị điện Schneider</a></div>
<div><a href=""https://thietbidienkyanh.com/thiet-bi-dien/kingled/"">Đèn kingled</a></div>
<div><a href=""https://thietbidienkyanh.com/thiet-bi-dien/den-rang-dong/"">Đèn Rạng Đông</a></div>
<h4><em>Tags: Bảng giá đèn philips 2023, đèn downlight philips, đèn chiếu sáng dân dụng philips, đèn chiếu sáng cao cấp philips, đèn chiếu điểm philips, đèn âm trần philips</em></h4>",default,0,http://thietbidienkyanh.com/wp-content/uploads/2019/12/PhiLips.jpg
49,"Đèn Downlight âm trần",den-downlight-am-tran,"<h1><strong>Đèn led downlight  âm trần Philips là gì ?</strong></h1>
<strong>Đèn led âm trần Philips</strong> hay <strong>đèn led downlight Philips.</strong> Là thiết bị chiếu sáng hiện đại của Philips. Đèn âm trần Philips sử dụng công nghệ phát quang bằng bóng led. Mang đến hiệu quả chiếu sáng vượt trội hơn so với bóng đèn dây tóc. Đèn huỳnh quang. Đèn downlight philips mang thiết kế gắn âm trần vào trần nhà với hình dáng tròn và vuông. Một số mẫu đèn được thiết kế với kiểu dáng siêu mỏng dành cho những ngôi nhà có trần nhà thấp.

<strong>Đèn led âm trần Philips</strong> mang rất nhiều ưu điểm vượt trội như khả năng chiếu sáng vượt trội. Độ bền và tuổi thọ cao, tiết kiệm điện năng tiêu thụ. Đèn downlight philips được ứng dụng trong những căn hộ có trần nhà bằng thạch cao hay trần gỗ. <strong>Đèn âm trần philips</strong> sở hữu 3 màu sắc ánh sáng: ánh sáng vàng (3000K)., Ánh sáng trung tính (4500K) và ánh sáng trắng (6500K). Ngoài ra, một số mẫu đèn âm trần đổi màu còn có khả năng thay đổi màu sắc linh hoạt thông qua dimmer.
<h3>Các dòng sản phẩm downlight âm trần của philips</h3>
<h3>Đèn Downlight âm trần DN027B G2</h3>
<img class=""wp-image-1261 size-full"" src=""https://thietbidienkyanh.com/wp-content/uploads/2020/09/DN027B.jpg"" alt=""Đèn Downlight âm trần DN027B G2"" width=""797"" height=""855"" />
<h4>Đèn Downlight âm trần DN027B G2</h4>
<h3></h3>
<h3 style=""text-align: left"">Đèn Downlight âm trần DN020c và Meson</h3>
[caption id=""attachment_1262"" align=""aligncenter"" width=""787""]<img class=""wp-image-1262 size-full"" src=""https://thietbidienkyanh.com/wp-content/uploads/2020/09/dn020c.jpg"" alt=""Đèn Downlight âm trần DN020c và Meson"" width=""787"" height=""742"" /> Đèn Downlight âm trần DN020c và Meson[/caption]
<h3 style=""text-align: left"">Đèn Downlight âm trần Marcasite</h3>
[caption id=""attachment_1263"" align=""aligncenter"" width=""804""]<img class=""wp-image-1263 size-full"" src=""https://thietbidienkyanh.com/wp-content/uploads/2020/09/marcasite.jpg"" alt=""Đèn Downlight âm trần Marcasite"" width=""804"" height=""496"" /> Đèn Downlight âm trần Marcasite[/caption]
<h2>Catalog và bảng giá đèn Philips 2024</h2>
<a href=""https://drive.google.com/file/d/1pnpKz92P3kjYGnEwfhhN-E0CbAs70BJ0/view?usp=sharing""><strong>Tải catalogues Philips dân dụng năm 2024</strong></a>

Để tìm hiểu thêm các thiết bị điện cao cấp của Philips cũng như mua thiết bị điện với mức giá ưu đãi . Hãy đến với chúng tôi <a href=""https://thietbidienkyanh.com/"">Thiết bị điện Kỳ Anh</a> địa điểm mua thiết bị điện uy tín hàng đầu <strong>Hà Nội</strong>

xem thêm đèn chiếu sáng Philips tại :<a href=""https://thietbidienkyanh.com/thiet-bi-dien/bang-gia-catalops-den-led-philips/"">https://thietbidienkyanh.com/thiet-bi-dien/bang-gia-catalops-den-led-philips/</a>",default,48,http://thietbidienkyanh.com/wp-content/uploads/2019/12/bo-den-downlight-am-tran-led-philips-dn027b-led9-ww-d125-rd-11w-3000k.jpg
50,"Công tắc ổ cắm VIVACE Schneider",vivace,"<h1>Bảng giá Công tắc ổ cắm Schneider VIVACE chính hãng 2024</h1>
Công tắc ổ cắm <a href=""https://thietbidienkyanh.com/thiet-bi-dien/thiet-bi-dien-schneider/cong-tac-o-cam-schneider/vivace/"">Schneider Vivace</a> có sức hút trên thị trường. Là thiết kế tích hợp nhiều lợi ích, giá cả hợp lí, chất liệu tốt và chất lượng vượt trội. Sự khác biệt khiến ổ cắm Schneider chiếm ưu thế và được tin tưởng lựa chọn hơn là sự tích hợp và thiết kế mô đun:
",default,115,http://thietbidienkyanh.com/wp-content/uploads/2019/12/cong-tac-doi-1-chieu-schneider-vivace-mau-bac-1.jpg
51,"Đèn Ốp Trần PhiLips",den-op-tran-philips,"<h1>Đèn LED ốp trần philips là gì công dụng và ưu nhược điểm</h1>
<strong>Đèn LED ốp trần philips</strong> – LED Ceiling light là thiết kế mang ánh sáng trắng ấm áp. Không nhấp nháy và tiết kiệm năng lượng với led tạo màu cao cấp. Các sản phẩm được thiết kế để chống lại sự ố vàng và sứt mẻ. Kiểu dáng thiết kế độc đáo mới với gờ mép nổi bổ sung thêm cho trang trí của bạn.

<em><strong>Đèn ốp trần philips</strong> là loại đèn trang trí giống như đèn âm trần nhưng bề mặt của nó nổi lên</em>, tùy vào sở thích và không gian nội thất phòng khách mà người ta chọn đèn ốp trần hoặc đèn âm trần. Thông thường đèn ốp trần loại Philips rất đắt 400 tới 800 nghìn 1 cái. Vì thế nhiều người vẫn hay chọn <strong>đèn led ốp trần</strong> giá rẻ. Ở một số nơi cao cấp thì đèn ốp trần người ta thay thế vỏ bằng gỗ vì thế tạo. Nên sự sang trọng trong căn phòng như các quán ăn mang phong cách cổ điển. Các nhà hàng hay quán cafe.
<h3>Ưu điểm của công nghệ đèn Philips</h3>
Với <strong>đèn LED ốp trần bạn có thể tiết kiệm đến 80%</strong> so với nguồn sáng sợi đốt tiêu chuẩn. Thời gian phát sáng tối ưu trong vòng 8-10 năm (tương đương 15.000 tới 20.000 giờ chiếu sáng). Giúp bạn không cần phải lo lắng thay bóng thường xuyên hay chi phí phải trả hàng tháng khi sử dụng. Bộ tản quang giúp ánh sáng có màu sắc hài hòa. Không gây chói làm nổi bật các điểm nhấn và tạo không gian ấm cúng cho căn phòng của bạn.

Được trang bị công nghệ <strong>LED</strong> tiên tiến, <em>đèn LED ốp trần là giải pháp chiếu sáng đa năng</em> mà Vinalight cung cấp bóng <strong>đèn led philips</strong> chính hãng giúp bạn có thể tiết kiệm chi phí và bảo vệ sức khỏe, thanh lọc cho môi trường, góp phần mang đến xã hội phát triển bền vững hơn với môi trường sống
<h2>Đèn ốp nổi Philips và bảng giá mới nhất 2020</h2>
<img class=""wp-image-1280 size-full"" src=""https://thietbidienkyanh.com/wp-content/uploads/2020/10/DEN-OP-NOI-PHILIPS-dn027c.jpg"" alt=""Đèn ốp nổi DN027C Philips"" width=""712"" height=""331"" />Đèn ốp nổi DN027C Philips<img class=""wp-image-1279 size-full"" src=""https://thietbidienkyanh.com/wp-content/uploads/2020/10/den-op-tran-philips-LC200LC254.jpg"" alt=""Đèn ốp nổi CL200VAF CL254 Philips"" width=""784"" height=""645"" /> <img class=""alignnone size-full wp-image-1278"" src=""https://thietbidienkyanh.com/wp-content/uploads/2020/10/den-op-tran-philips-LC200LC254-2.jpg"" alt="""" width=""718"" height=""441"" />
<h2>Catalog và bảng giá đèn Philips 2024</h2>
<a href=""https://drive.google.com/file/d/1pnpKz92P3kjYGnEwfhhN-E0CbAs70BJ0/view?usp=sharing""><strong>Tải catalogues Philips dân dụng năm 2024</strong></a>

Để tìm hiểu thêm các thiết bị điện cao cấp của Philips cũng như mua thiết bị điện với mức giá ưu đãi . Hãy đến với chúng tôi <a href=""https://thietbidienkyanh.com/"">Thiết bị điện Kỳ Anh</a> địa điểm mua thiết bị điện uy tín hàng đầu <strong>Hà Nội</strong>

xem thêm đèn chiếu sáng Philips tại :<a href=""https://thietbidienkyanh.com/thiet-bi-dien/bang-gia-catalops-den-led-philips/"">https://thietbidienkyanh.com/thiet-bi-dien/bang-gia-catalops-den-led-philips/</a>",default,48,http://thietbidienkyanh.com/wp-content/uploads/2019/12/den-op-noi-philips.jpg
53,"Công tắc ổ cắm ARTEOR",arteor,"<em> Công tắc ổ cắm Arteor là dòng sản phẩm cao cấp từ thương hiệu Arteor của tập đoàn Legrand, Pháp.Công tắc Arteor có tính linh hoạt, đa dạng cao. Hôm nay chúng ta cùng tìm hiểu về tính năng nổi bật của chúng</em>
<h1><span style=""font-size: 90%"">Bảng giá Công tắc ổ cắm ARTEOR - Và điều bạn nên biết</span></h1>
<strong><em>Arteor là dòng sản phẩm cao cấp từ thương hiệu Arteor của tập đoàn Legrand, Pháp.</em></strong>
Sản phẩm Arteor có tính linh hoạt, đa dạng cao. Chúng trở thành sự lựa chọn lý tưởng cho mọi dự án ở bất cứ nơi đâu trên thế giới. Arteor đang phát triển theo hướng tiếp cận quốc tế. Điều đó cho phép các sản phẩm của Arteor đáp ứng được nhu cầu lắp đặt tại các khu vực khác nhau.",default,118,http://thietbidienkyanh.com/wp-content/uploads/2019/12/hat-o-don-3-chau-legrand-2-module-ARTEOR-1.jpg
61,"Công tắc ổ cắm Biticino",biticino,"<h1>Thiết bị điện Bticino Legrand</h1>
Bticino là một thương hiệu nổi tiếng tại hơn 60 quốc gia trên toàn thế giới. Sáp nhập vào tập đoàn Legrand từ năm 1989, BTicino đã mang đến cho Legrand những thiết kế và sản phẩm đậm phong cách Ý.

Với Bticino, giờ đây các thiết bị điện mà bạn sử dụng hằng ngày không chỉ hoàn hảo về mặt kỹ thuật, tính năng mà nó còn mang lại sự sang trọng và khác biệt về không gian sống cho ngôi nhà của bạn.

AXOLUTE là một dòng sản phẩm cao cấp của BTicino. Cung cấp những lựa chọn tuyệt vời cho các không gian nội thất sang trọng và thanh lịch.

Các thiết bị công tắc ổ cắm AXOLUTE được xem là cao cấp nhất trên thế giới hiện nay. Với đầy đủ kiểu dáng, mẫu mã cũng như đa dạng về chất liệu, màu sắc.

Không chỉ chú trọng vào mảng thiết kế, AXOLUTE còn thành công về mặt công nghệ. Chất lượng các nút bấm, công tắc hoàn hảo tuyệt đối. Các chức năng của AXOLUTE đầy đủ như một thiết bị điện thông thường. Giao diện sử dụng gần gũi, thuận tiện, có thể chiều lòng cả những chủ nhà khó tính nhất. Đặc biệt công nghệ kỹ thuật số MYHOME cũng được tích hợp vào thiết bị của AXOLUTE. Các giao diện hiển thị cho phép tương tác tiên tiến nhất với hệ thống công nghệ hoàn thiện. Có thể nói AXOLUTE là sự kết hợp hoàn hảo giữa tính nghệ thuật và tính công nghệ.
<h2>Các thiết bị công tắc ổ cắm AXOLUTE</h2>
<table style=""border-collapse: collapse;width: 888px;height: 204px"" border=""0"" width=""144"" cellspacing=""0"" cellpadding=""0"">
<tbody>
<tr style=""height: 14.25pt"">
<td style=""height: 14.25pt;width: 54pt"" width=""72"" height=""19""><img class=""alignnone wp-image-1213 aligncenter"" src=""https://thietbidienkyanh.com/wp-content/uploads/2020/09/209693_440350_BTI_HC4051.jpg"" alt="""" width=""428"" height=""428"" />
<h3 style=""text-align: center"">Hạt công tắc ổ cắm AXOLUTE của Bticino</h3>
</td>
<td style=""width: 54pt"" width=""72"">
<p style=""text-align: center""><img class=""alignnone wp-image-1214"" src=""https://thietbidienkyanh.com/wp-content/uploads/2020/09/209187_440110_BTI_HA4803XC.jpg"" alt="""" width=""409"" height=""409"" /></p>

<h3 style=""text-align: center"">Mặt che AXOLUTE của Bticino</h3>
</td>
</tr>
</tbody>
</table>
<h2>Bảng giá Công tắc ổ cắm Biticino</h2>
xem chi tiết tại :

https://thietbidienkyanh.com/wp-content/uploads/2023/08/Bang-Gia-Dong-Axolute-Bticino-2023.pdf

Để tìm hiểu thêm các thiết bị điện cao cấp của Legrand cũng như mua thiết bị điện với mức giá ưu đãi . Hãy đến với chúng tôi <a href=""https://thietbidienkyanh.com/"">Thiết bị điện Kỳ Anh</a> địa điểm mua thiết bị điện uy tín hàng đầu <strong>Hà Nội</strong>

Thiết bị điện Bticino

<a href=""https://thietbidienkyanh.com/thiet-bi-dien/legrand/"">Thiết bị điện Legrand</a>",default,118,http://thietbidienkyanh.com/wp-content/uploads/2020/09/mat-che-HA4803AZ-min-600x600-1.jpg
64,"Công tắc ổ cắm Avataron",avataron,"<h1 class=""entry-title"">Công tắc ổ cắm AvatarOn Schneider mặt vuông</h1>
<em>Công tắc ổ cắm schneider AvatarOn được sản xuất bởi thương hiệu thiết bị điện Schneider. Một trong những thương hiệu hàng đầu đến từ Pháp. Sự ra đời của dòng công tắc này đã và đang mang phong cách cá nhân vào từng không gian sống đến với người tiêu dùng. Công tắc ổ cắm có kiểu dáng thiết kế mặt vuông  hiện đại, đẹp mắt. Với chất liệu cao cấp. Đảm bảo độ bền và an toàn khi sử dụng.</em>
",default,115,http://thietbidienkyanh.com/wp-content/uploads/2021/09/mat-che-avataron-mau-vang.jpg
65,"Công tắc ổ cắm Muse",cong-tac-o-cam-muse,"<h1>Công tắc ổ cắm Muse Hager bảng giá và catalogue mới nhất 2024</h1>
<em>Được ra mắt ra thị trường vào đầu năm 2020 là sản phẩm kế thừa  cho dòng sản phẩm Stylea Hager vốn đã được rất nhiều khách hàng ưa dùng. Được Hager nâng cấp về chất lượng cũng như mẫu mã so với dòng sản phẩm cũ . Muse Hager sẽ là sự lựa chọn hoàn hảo cho ngôi nhà của bạn .</em>

",default,16,http://thietbidienkyanh.com/wp-content/uploads/2020/11/Cong-tac-don-hager-wglm111wglm112.jpg
66,"Công tắc ổ cắm Avataron A",avataron-a,"<h1>Công tắc ổ cắm Avatar on A là dòng sản phẩm mới của Schneider</h1>
<em>Avatar On A là một trong những dòng công tắc ổ cắm của Schneider – thương hiệu quản lý năng lượng và tự động hóa toàn cầu đến từ Pháp. Với tiêu chí tối đa hóa việc sử dụng nguồn năng lượng. Schneider đã hoạt động mạnh mẽ trên hơn 100 quốc gia và vùng lãnh thổ. Đây là một thương hiệu nổi bật của ngành điện mà trong đó. Dòng công tắc ổ cắm Avatar On thuộc phân khúc phổ thông tiêu chuẩn. Tính thẩm mỹ cao, lắp đặt nhanh chóng, an toàn. Giá cả phù hợp với mọi đối tượng khách hàng.</em>

https://www.youtube.com/watch?v=LSUy_QjUTHs
",default,115,http://thietbidienkyanh.com/wp-content/uploads/2022/02/Bo-o-cam-doi-3-chau-16A-co-cong-tac-M3T_SIS_WE-AvatarOn-A.jpg
68,"Vỏ tủ điện module schneider",tu-dien-schneider,"<h1>Bảng giá và catalogue tủ điện schneider mới nhất 2025</h1>
<a href=""https://thietbidienkyanh.com/thiet-bi-dien/thiet-bi-dien-schneider/tu-dien-schneider/"">Vỏ tủ điện Schneider</a> là dòng sản phẩm được sản xuất bởi thương hiệu Schneider Electric. Đây là 1 hãng chuyên sản xuất các loại thiết bị điện đến từ nước Pháp và là “ông lớn”nổi tiếng trên toàn thế giới. Thiết bị này được biết đến với vai trò bảo vệ các linh kiện điện. Và sắp xếp chúng một cách hợp lý để việc sử dụng các thiết bị điện trở nên an toàn và hiệu quả hơn.
",default,27,http://thietbidienkyanh.com/wp-content/uploads/2022/10/tu-dien-mip-24-trang-module.jpg
69,"Công tắc ổ cắm Dream",cong-tac-o-cam-dream,"<h1>Công tắc ổ cắm Hager Dream</h1>
<h2>Giới thiệu về Hager Drean</h2>
<strong>Hager Dream</strong> là dòng sản phẩm công tắc bao gồm ổ cắm và thiết bị có cơ chế gắn phẳng và vỏ không khung. Frameless là viết tắt của một định hướng thiết kế mới, mang tính xu hướng. Vẻ ngoài độc đáo được nhấn mạnh bởi một vòng có thể thay thế, có các màu sắc và chất liệu khác nhau. Vòng tăng tính linh hoạt của phạm vi. Hager Dream có các màu trắng, vàng và xám. Logo màu bạc cũng nhấn mạnh chất lượng của sản phẩm.

<strong>Hager Dream</strong> có đầy đủ các loại công tắc, ổ cắm và các phụ kiện. Khác với cơ chế lắp chìm và vỏ không khung toàn mặt. Thiết kế không khung đánh dấu hướng đi mới cho chương trình này. Nó cung cấp một thiết kế hoàn hảo với không gian chuyển đổi tối đa và trải nghiệm người dùng tuyệt vời.
<table style=""border-collapse: collapse;width: 841px;height: 146px"" border=""0"" width=""144"" cellspacing=""0"" cellpadding=""0"">
<tbody>
<tr style=""height: 14.25pt"">
<td style=""height: 14.25pt;width: 54pt"" width=""72"" height=""19""><img class=""alignnone wp-image-1753"" title=""công tắc ổ cắm hager dream 1"" src=""https://thietbidienkyanh.com/wp-content/uploads/2021/08/cong-tac-o-cam-hager-dream.jpg"" alt=""công tắc ổ cắm hager dream 1"" width=""378"" height=""378"" /></td>
<td style=""width: 54pt"" width=""72""><img class=""alignnone wp-image-1754"" title=""công tắc ổ cắm hager dream 1"" src=""https://thietbidienkyanh.com/wp-content/uploads/2021/08/cong-tac-o-cam-hager-dream-2.jpg"" alt=""công tắc ổ cắm hager dream "" width=""549"" height=""264"" /></td>
</tr>
</tbody>
</table>
<h2> Bảng giá và catalogue Công tắc ổ cắm Hager Dream 2024</h2>
Hiện nay. giá cả thiết bị điện biến động thường xuyên. Mặc dù đã cố gắng để cập nhật các bảng giá sớm nhất nhưng không thể cập nhật hết được tất cả các bảng giá kịp thời.

Vì vậy quý khách nên kiểm chứng hiệu lực của các bảng giá trước khi sử dụng để hạn chế các phát sinh không đáng có.

Liên hệ để có mức Chiết Khấu Hấp dẫn :Zalo 093 4487 111

xem thêm  <a href=""https://thietbidienkyanh.com/thiet-bi-dien/hager/"">Thiết bị điện hager</a> :

<a href=""https://thietbidienkyanh.com/bang-gia-va-catalogus-thiet-bi-dien-hager/"">Bảng giá thiết bị điện hager mới nhất </a>",default,16,http://thietbidienkyanh.com/wp-content/uploads/2021/08/cong-tac-o-cam-hager-dream.jpg
70,"Công tắc ổ cắm Galion",galion,"<em>Công tắc ổ cắm Galion Legrand đã và đang khẳng định vị thế của mình trên thị trường thiết bị điện cao cấp tại Việt Nam. Với thiết kế tinh tế cùng chất lượng vượt trội, dòng sản phẩm này đang được ưa chuộng trong các công trình xây dựng hiện đại, từ căn hộ cao cấp đến văn phòng sang trọng.</em>
<h1>Công tắc ổ cắm Galion và những điều bạn nên biết</h1>",default,118,http://thietbidienkyanh.com/wp-content/uploads/2021/09/cong-tac-2-galion-1.jpg
71,"Aptomat MCB Legrand",aptomat-legrand,"<h2>Aptomat MCB Legrand</h2>
<em>Aptomat MCB (Miniature Circuit Breaker) hay còn gọi là CB tép, cầu dao,… của thương hiệu Legrand là một loại thiết bị bảo vệ quan trọng trong hệ thống điện. Nó được sử dụng để bảo vệ mạch điện tránh khỏi các nguy cơ chập điện, quá tải hoặc ngắn mạch.</em>",default,34,http://thietbidienkyanh.com/wp-content/uploads/2022/02/Aptomat-khoi-MCCB-legrand.jpg
72,"Tủ điện Legrand",tu-dien-legrand,"<h1>Tủ điện Legrand</h1>
<em>Tủ điện Legrand luôn được thiết kế để đảm bảo những đặc tính kỹ thuật một cách hoàn hảo. Tủ điện là dòng sản phẩm thuộc thiết bị điện Legrand, các tủ điện phổ biến được nhiều người tìm mua là các tủ có 8, 12, 24 module. Có đầy đủ kích thước đáp ứng cho mọi nhu cầu thiết bị, có cả dạng tủ điện âm và tủ điện nổi lắp đặt trên mọi bề mặt tường.</em>
",default,34,http://thietbidienkyanh.com/wp-content/uploads/2022/02/tu-dien-24-module-legrand.jpg
73,"Đèn Kingled",kingled,"<h1>Đèn Kingled - Thông tin và bảng giá mới nhất</h1>
<em>Đèn Kingled không chỉ là một thiết bị chiếu sáng, mà còn là một biểu tượng của sự tinh tế và hiện đại trong thiết kế nội thất.Các loại như : Đèn âm trần, Đèn ốp trần, Đèn tuýp, Đèn búp, Đèn Thả, Đèn Trang Trí,...</em>",default,0,http://thietbidienkyanh.com/wp-content/uploads/2025/02/den-led-am-tran-don-sac-12w-kingled.jpg
74,"Đèn downlight âm trần",downlight-am-tran,"<h1 class=""LC20lb MBeuO DKV0Md"">Đèn LED Downlight Âm Trần Kingled -Đại lí chính hãng tại Hà Nội</h1>
<em>Đèn Downlight Kingled là loại đèn LED âm trần, được thiết kế với kích thước nhỏ gọn, tích hợp chip LED công nghệ cao. Nguồn sáng LED được sử dụng trong đèn Downlight Kingled nổi bật bởi khả năng tiết kiệm điện năng đáng kể, tuổi thọ cao và độ bền vượt trội </em>",default,73,http://thietbidienkyanh.com/wp-content/uploads/2022/06/den-downlight-ruby-kingked-min.jpg
75,"Đèn ốp trần",den-op-tran,"<h1>Đèn LED ốp trần KingLed - Đèn LED chính hãng tại Hà Nội</h1>
<em>Đèn led ốp trần KingLED hay gọi tắt là đèn ốp trần kingled là loại đèn led sử dụng nguồn sáng led được lắp đặt ốp vào trần nhà thường dùng cho chiếu sáng và trang trí phòng khách, ban công, phòng ăn, nhà bếp.</em>",default,73,http://thietbidienkyanh.com/wp-content/uploads/2022/08/den-dop-tran-tron-tran-vien-kingled-min.jpg
76,"Đèn Ống Bơ",den-ong-bo,"<h1>Đèn Ống Bơ KingLED - Đại Lí Đèn LED chiếu sáng tại Hà Nội</h1>",default,73,http://thietbidienkyanh.com/wp-content/uploads/2022/08/den-lon-kingled-min.jpg
77,"Đèn rọi ray",den-roi-ray,,default,73,http://thietbidienkyanh.com/wp-content/uploads/2022/08/den-roi-ray-beryl-kingled-min.jpg
78,"Đèn tường Led",den-tuong-led,"<h1>Đèn tường Led Kingled | Bảng giá và catalog đèn Kingled mới nhất</h1>",default,73,http://thietbidienkyanh.com/wp-content/uploads/2023/02/den-gan-tuong-ngoai-troi-lwa0149-BK.jpg
79,"Đèn Spotlight Ân Trần",den-spotlight-am-tran,,default,73,http://thietbidienkyanh.com/wp-content/uploads/2022/08/den-sportlight-kingled-min.jpg
95,"Đèn Ray Nam Châm",ray-nam-cham,"<h1>ĐÈN LED RAY NAM CHÂM KINGLED HIỆN ĐẠI GIÁ TỐT NHẤT</h1>
<em>Đèn ray nam châm là hệ đèn thế hệ mới với thiết kế tinh tế hiện đại thường được ứng dụng trong chiếu sáng trang trí nội thất. Đèn rọi ray nam châm là dòng đèn LED được gắn trên thanh ray nam châm. Các thanh ray nam châm có các loại: ray nổi, ray âm, và ray thả phù hợp với nhiều cách sử dụng khác nhau.</em>",default,73,http://thietbidienkyanh.com/wp-content/uploads/2023/02/den-roi-ray-nam-cham-kingled-RNC-6SS-CRN.jpg
115,"Công tắc ổ cắm schneider",cong-tac-o-cam-schneider,"<h1>Bảng giá và catalogue công tắc ổ cắm schneider mới nhất 2025</h1>
<h2>1.Công tắc ổ cắm schneider là gì?</h2>
<a href=""https://thietbidienkyanh.com/thiet-bi-dien/thiet-bi-dien-schneider/cong-tac-o-cam-schneider/"">Công tắc ổ cắm <strong>Schneider</strong></a> là một sản phẩm nổi bật trong lĩnh vực thiết bị điện được sản xuất bởi <a href=""https://thietbidienkyanh.com/thiet-bi-dien/thiet-bi-dien-schneider/"">thiết bị điện schneider</a> với thiết kế tinh tế và tính năng ưu việt. Sự kết hợp giữa chất lượng, an toàn và độ bền cao làm cho sản phẩm này trở thành lựa chọn hàng đầu của nhiều gia đình và công trình xây dựng. Trong bài viết này, chúng ta sẽ cùng tìm hiểu các thông tin chi tiết về công tắc ổ cắm, cũng như những sản phẩm tốt nhất hiện có trên thị trường.",default,27,http://thietbidienkyanh.com/wp-content/uploads/2025/03/cong-tac-o-cam-schneider.jpg
116,"Aptomat schneider (thiết bị đóng cắt)",aptomat,"<h1>Bảng giá và catalogue Aptomat schneider mới nhất 2025</h1>
<h2 data-pm-slice=""1 1 []"">1. Aptomat Schneider là gì?</h2>
<a href=""https://thietbidienkyanh.com/thiet-bi-dien/thiet-bi-dien-schneider/aptomat/"">Aptomat Schneider</a> (hay còn gọi là CB – Circuit Breaker) là thiết bị bảo vệ điện do <strong>Schneider Electric</strong> sản xuất, giúp bảo vệ hệ thống điện khỏi các sự cố <strong>quá tải, ngắn mạch, rò rỉ điện</strong>. Với công nghệ tiên tiến, độ bền cao, aptomat Schneider là sự lựa chọn hàng đầu cho các công trình dân dụng và công nghiệp
tòa nhà văn phòng…)",default,27,http://thietbidienkyanh.com/wp-content/uploads/2019/12/Aptomat-mccb-3p-Shneider-e1552408469195.jpg
118,"Công tắc ổ cắm",cong-tac-o-cam-legrand,"<h1>Công Tắc Ổ Cắm Legrand Chính Hãng, Uy tín – Giá tốt nhất</h1>
<a href=""https://thietbidienkyanh.com/thiet-bi-dien/legrand/aptomat-legrand/"">Công tắc ổ cắm Legrand</a> là một trong những sản phẩm điện dân dụng được ưa chuộng nhất hiện nay. Với chất lượng vượt trội và tính năng thông minh, công tắc ổ cắm của Legrand đã khẳng định được vị thế vững chắc trên thị trường. Trong bài viết này, chúng ta sẽ cùng khám phá các thông tin chi tiết về <strong>công tắc ổ cắm Legrand</strong>, từ bảng giá đến catalogue sản phẩm.",default,34,http://thietbidienkyanh.com/wp-content/uploads/2022/02/cong-tac-don-galion-mau-c2.jpg
